<?xml version='1.0' encoding='UTF-8' ?>
<timeLogEntries>
  <time id="1" path="/No Proyecto/PSP Fundamentals &amp; Advanced/Program 1/Planning" start="@1486330216070" delta="4" />
  <time id="2" path="/No Proyecto/PSP Fundamentals &amp; Advanced/Program 1/Planning" start="@1486330768800" delta="8" />
  <time id="3" path="/No Proyecto/PSP Fundamentals &amp; Advanced/Program 1/Design" start="@1486331250679" delta="1" />
  <time id="4" path="/No Proyecto/PSP Fundamentals &amp; Advanced/Program 1/Design" start="@1486332320793" delta="10" />
  <time id="5" path="/No Proyecto/PSP Fundamentals &amp; Advanced/Program 1/Code" start="@1486332943057" delta="45" interrupt="30" />
  <time id="6" path="/No Proyecto/PSP Fundamentals &amp; Advanced/Program 1/Code" start="@1486337611603" delta="70" interrupt="13" />
  <time id="7" path="/No Proyecto/PSP Fundamentals &amp; Advanced/Program 1/Compile" start="@1486342587171" delta="2" />
  <time id="8" path="/No Proyecto/PSP Fundamentals &amp; Advanced/Program 1/Test" start="@1486343146226" delta="46" />
  <time id="9" path="/No Proyecto/PSP Fundamentals &amp; Advanced/Program 1/Test" start="@1486348352702" delta="5" />
  <time id="10" path="/No Proyecto/PSP Fundamentals &amp; Advanced/Program 1/Postmortem" start="@1486349906393" delta="3" interrupt="4" />
</timeLogEntries>
